<?xml version="1.0" encoding="UTF-8"?>
<beans xmlns="http://www.springframework.org/schema/beans"
	xmlns:xsi="http://www.w3.org/2001/XMLSchema-instance"
	xmlns:context="http://www.springframework.org/schema/context"
	xmlns:mvc="http://www.springframework.org/schema/mvc"
	xsi:schemaLocation="
		http://www.springframework.org/schema/beans
		http://www.springframework.org/schema/beans/spring-beans.xsd
		http://www.springframework.org/schema/context
		http://www.springframework.org/schema/context/spring-context.xsd
		http://www.springframework.org/schema/mvc
		http://www.springframework.org/schema/mvc/spring-mvc.xsd">

	<context:component-scan base-package="org.niit.controller"></context:component-scan>
	<mvc:annotation-driven />
	
	<bean id="exceptionResolver" class="org.springframework.web.servlet.handler.SimpleMappingExceptionResolver">
	<property name="exceptionMappings">
	<map>
	<entry key="Exception" value="/WEB-INF/errors/error.jsp"></entry>
	</map>
	</property>
	
	<property name="defaultErrorView" value="/WEB-INF/errors/error.jsp">
	</property>
	</bean>
</beans>